{"years": [2000.0, 2001.0, 2002.0, 2003.0, 2004.0, 2005.0, 2006.0, 2007.0, 2008.0, 2009.0, 2010.0, 2011.0, 2012.0, 2013.0, 2014.0, 2015.0, 2016.0, 2017.0], "United States": [7.165137614678899, 3.617920540997464, 3.8763733333333334, 4.600163391667025, 4.680226407109607, 4.8462263466976, 4.836850522702449, 4.815324619822643, 4.897222222222222, 5.074200629858404, 5.215189603930886, 5.253707585153814, 5.594085554801476, 5.6235325735087525, 5.235748766068232, 4.351085490794415, 4.596600170767679, 4.856962626017107], "Sweden": [null, null, null, 2.327272727272727, 4.76, 5.2783171521035595, 4.666666666666667, 4.859538784067086, 4.290880503144654, 5.458697764820214, 5.025990903183886, 5.44556765163297, 5.591937069813176, 6.010204081632653, 5.911242603550296, 6.473895582329317, 7.036893203883495, 5.376237623762377], "United Kingdom": [null, null, 1.5563725490196079, 2.4790940766550524, 3.0704697986577183, 5.712090163934426, 6.879265091863517, 6.715340442986054, 6.3872, 6.3808532778355875, 4.997128087306146, 4.878216123499143, 5.411605415860735, 5.656791073489804, 4.850213426464881, 3.982691628399859, 4.05242082271569, 4.16133617626155], "Netherlands": [null, null, null, null, null, 3.2222222222222223, 3.5543478260869565, 4.623655913978495, 4.799065420560748, 5.402116402116402, 4.221264367816092, 4.297029702970297, 5.155555555555556, 5.327827191867852, 6.671428571428572, 4.825993555316864, 5.031300160513644, 4.167441860465116], "Canada": [null, 0.5294117647058824, 2.5831381733021077, 3.431122448979592, 4.024541783162473, 4.065760142666072, 4.355844618674269, 4.5877761413843885, 4.660179640718563, 5.479682944606414, 5.48891265597148, 5.509360564065159, 5.66579393192669, 5.983841059602649, 6.015926640926641, 5.4994868637110015, 5.535532708168568, 5.602941176470588], "Australia": [null, null, 0.5757575757575758, 2.8, 3.5955555555555554, 3.7002881844380404, 4.543103448275862, 3.831479897348161, 4.124675324675325, 4.863153904473085, 4.923726164426383, 5.176677713338857, 5.250525683388405, 5.231792975970425, 5.313766019016122, 4.285876993166287, 4.120325203252032, 5.811111111111111], "Mexico": [null, null, null, null, null, 1.8436578171091444, 2.8511627906976744, 5.122302158273381, 5.144444444444445, 4.676795580110498, 4.797773654916512, 4.772823779193206, 4.6, 3.5789473684210527, 1.4285714285714286, 2.664429530201342, 5.557184750733138, 2.526315789473684], "Germany": [null, null, null, 3.0, 5.506024096385542, 5.520408163265306, 4.748314606741573, 4.193158953722334, 3.7129735935706085, 3.5625, 4.667107001321004, 4.696606786427146, 4.871028037383177, 4.734597156398104, 5.449304174950298, 5.178343949044586, 5.397741530740276, 5.277070063694268], "Japan": [null, null, 3.1333333333333333, 3.073298429319372, 3.2263157894736842, 3.625441696113074, 3.543046357615894, 3.672268907563025, 3.818840579710145, 4.054878048780488, 3.2426470588235294, 3.3974358974358974, 3.8599348534201954, 3.104651162790698, 5.258620689655173, 3.1337579617834397, 2.0930232558139537, 2.0], "Belgium": [null, null, 2.0, 3.857142857142857, 1.9411764705882353, 2.6568181818181817, 2.899628252788104, 3.9285714285714284, 3.831578947368421, 4.005405405405406, 3.629800307219662, 3.5415959252971136, 4.478260869565218, 5.20952380952381, 3.794642857142857, 3.8120567375886525, 4.192488262910798, 2.727272727272727]}