{"Sweden_mean": 5.408890359585263, "Sweden_sem": 0.02826417617928388, "Canada_mean": 5.318312734408381, "Canada_sem": 0.008920900111831788, "United Kingdom_mean": 5.053833186748754, "United Kingdom_sem": 0.021143908392266635, "United States_mean": 5.0268441732398, "United States_sem": 0.001911881754917239, "Netherlands_mean": 4.906185778873819, "Netherlands_sem": 0.03193036488852246, "Australia_mean": 4.856977685281535, "Australia_sem": 0.015277847310511607, "Germany_mean": 4.753193042208977, "Germany_sem": 0.03218531030675059, "Mexico_mean": 4.25283716020058, "Mexico_sem": 0.043041767830815626, "Japan_mean": 3.5953800298062593, "Japan_sem": 0.04393543301549343, "Belgium_mean": 3.5444225074037514, "Belgium_sem": 0.03576878501198431}