{"light": 0.18466582541836643, "dark": 0.1189379422936811, "lacing": 0.10003958045306047, "clear": 0.08371116318280312, "amber": 0.07570929831085682, "hazy": 0.06897833475870259, "black": 0.05788273362976558, "tan": 0.04696049852023279, "yellow": 0.045398269587853805, "cloudy": 0.03204797214230272, "gold": 0.028156998437946956, "copper": 0.023774185864202636, "foam": 0.022530722926920273, "frothy": 0.021891549324098245, "straw": 0.01557861070205968, "bright": 0.0147435575352101, "opaque": 0.010802162871541643, "ruby": 0.010605286614132327, "blonde": 0.006124798088975287, "mahogany": 0.005547419475822535, "rocky head": 0.004138212292055316, "chestnut": 0.002912982980756958, "transparent": 0.0028735256486436558, "milky": 0.0027427829285654026, "translucent": 0.0027105369662142635, "stable head": 0.0021196736778964892, "muddy": 0.0021176802911329643, "bronze": 0.0018869164587437242, "unfiltered": 0.0017738797034473688, "filtered": 0.001153350129766547, "inky": 0.0006976267382112719, "coal": 0.0002872822100374176, "ebony": 0.00022560447841305775, "obsidian": 0.00011895828656447355, "sunlight": 0.00010541498237699528, "sepia": 4.866208863899115e-05}