{"malt": 0.45824455161299016, "hopping": 0.37956433610253987, "grains": 0.06335938747481891, "wheat": 0.05412184110623849, "barrel": 0.022656311907455436, "conditioned": 0.00740291218643345, "fermentation": 0.005016241861647982, "adjuncts": 0.004381247654775524, "mash": 0.0018173789047863087, "strain": 0.0017545962417740443, "wort": 0.0012751649969531163, "crashing": 0.0002840484119370947, "decoction": 9.052383969210215e-05, "sparging": 3.145769795751936e-05}