{"bitterness": 0.10115445460882178, "caramel": 0.05701880715568387, "citrus zest": 0.04511844583013559, "malty": 0.04333624065639167, "fruity": 0.03978951732014574, "chocolate": 0.03963790966139979, "orange": 0.03912422879114087, "roasted": 0.03570302724231202, "hoppy": 0.02897787881880935, "coffee": 0.027458047446840404, "spicy": 0.02119480339141359, "floral": 0.021027056746618214, "lemon": 0.017416436200299045, "tart": 0.017413373086620276, "earthy": 0.017274808363538764, "grapefruit": 0.017058842380832443, "vanilla": 0.01636565646165642, "sugar": 0.015846244604514642, "grassy": 0.014012888726005897, "toasted": 0.013906305544667229, "toffee": 0.01368576135979587, "honey": 0.012482945785226391, "bready": 0.012357456934515537, " banana": 0.011250618921880819, " apple": 0.011221799303935413, "faint": 0.011217089354945477, "herbal": 0.011154279056177604, "yeasty": 0.010831993385782402, " cherry": 0.010760520733277795, "subtle": 0.009188188251588875, "tropical": 0.008911388172488082, "raisin": 0.008359270166066543, "nutty": 0.008222945139008215, "burnt": 0.008012183155885182, "candy": 0.008002697384492866, "clove": 0.007546754560243426, "citrusy": 0.007208132283561458, "cocoa": 0.007128260770969903, "pepper": 0.006755746623584137, "bourbon": 0.0066793664018522545, "piney": 0.006505065352518438, "peach": 0.006380795159937846, "berry": 0.006353556503891159, "molasses": 0.006253527727090932, "peel": 0.006002121848488319, "cream": 0.005759839437509566, "grape": 0.005598844817489971, "hay": 0.005499310091283093, "funky": 0.005471248017580824, "pineapple": 0.005446743108150672, "licorice": 0.005102785085060526, " apricot": 0.00506424913877924, "plum": 0.005040995824185575, "woody": 0.004913794264751107, "juicy": 0.004884579406331021, "peppery": 0.004704185066345889, "cinnamon": 0.004651156969326342, "mango": 0.004565587406558153, "syrupy": 0.004227557990588204, "rye": 0.003926450622294599, "pear": 0.003925594267932793, "tangy": 0.0034325976491821173, "fig": 0.0032178832613122847, "tangerine": 0.0029848890014885087, "biscuity": 0.0029530062698643333, "mocha": 0.0028496508857355505, "tea": 0.0027516641847211694, "ginger": 0.0026598037110643256, "dank": 0.002599661285500541, "lime": 0.002590702501407797, "stone fruit": 0.0024991713948131866, "aromatic": 0.002449206411472408, "smokey": 0.002371409911372923, "vinous": 0.0023559296594479616, "strawberry": 0.002038946798754716, "melon": 0.002024915761903581, "bubblegum": 0.001986412752328518, "tobacco": 0.0018654691670764816, "oaky": 0.0018519321808186965, "whiskey": 0.001797784235787556, "zesty": 0.0017155742170541456, "coconut": 0.0016665973349000666, "pungent": 0.0015943342014460992, "perfumed": 0.0014217458608358948, "blueberry": 0.0012223141046536832, "mint": 0.0011225817582094658, "estery": 0.001110197556669497, "brandy": 0.0009551644804763228, "bouquet": 0.0008555309441507753, "rose": 0.0008534229949524827, "blackberry": 0.0008189382635366651, "currant": 0.0008073116062398326, "lemongrass": 0.0007369917384530413, "papaya": 0.0006977970580472888, "mandarin": 0.0005909174463526105, "fragrant": 0.0005607144867458248, "nectar": 0.0005127257057784454, "lacto": 0.00046806353213962144, "musky": 0.0004586436341597515, "guava": 0.0004559757609556625, "gooseberry": 0.0004515622423217374, "cedar": 0.00043874986360086535, "cognac": 0.00039398887984337145, "lychee": 0.0003907940193397093, "nectarine": 0.00037636774201389446, "watermelon": 0.00033552622629697584, "sage": 0.00027189250987351876, "pomegranate": 0.00020898340098697476, "tequila": 0.00020746831250070195, "garlic": 0.00020134208514316416, "thyme": 0.00017169904954217484, "aniseed": 0.00016204859461874165, "cucumber": 0.00016109343013826532, "rasberry": 0.00010144505516783014, "cassis": 7.213138662907403e-05, "quince": 5.493842598050022e-05, "loganberry": 3.0301769725455757e-06}