{"bitterness": 0.10103761392847758, "caramel": 0.056952946326852875, "citrus zest": 0.04506633077571459, "malty": 0.043286184177303, "fruity": 0.03974355756194991, "chocolate": 0.03959212502096879, "orange": 0.03907903748911096, "roasted": 0.03566178767447024, "hoppy": 0.028944407281750358, "coffee": 0.027426331424476202, "spicy": 0.02117032186702012, "floral": 0.021002768981680808, "lemon": 0.017396318962134068, "tart": 0.017393259386572206, "earthy": 0.017254854715725458, "grapefruit": 0.017039138189283307, "vanilla": 0.01634675294976805, "sugar": 0.015827941050729967, "grassy": 0.013996702830301497, "toasted": 0.01389024276021353, "toffee": 0.013669953319759565, "honey": 0.012468527083807005, "bready": 0.012343183181756586, " banana": 0.011237623646742327, " apple": 0.011208837317531273, "faint": 0.011204132808871637, "herbal": 0.011141395060522518, "yeasty": 0.010819481653288042, " cherry": 0.010748091556844627, "subtle": 0.00917757523241342, "tropical": 0.008901094877339477, "raisin": 0.00834961460697959, "nutty": 0.008213447045145815, "burnt": 0.00800292850729263, "candy": 0.00799345369264945, "clove": 0.007538037515199593, "citrusy": 0.007199806371635194, "cocoa": 0.0071200271163931305, "pepper": 0.006747943249676532, "bourbon": 0.006671651252601749, "piney": 0.006497551533533294, "peach": 0.006373424881975228, "berry": 0.006346217688538037, "molasses": 0.006246304452179212, "peel": 0.005995188965472953, "cream": 0.005753186408128365, "grape": 0.005592377748489927, "hay": 0.005492957992060434, "pineapple": 0.005440451727579471, "licorice": 0.005096891000778284, " apricot": 0.00505839956629036, "plum": 0.005035173110949784, "woody": 0.004908118478477679, "juicy": 0.004878937365323159, "peppery": 0.004698751393792937, "cinnamon": 0.004645784548044598, "mango": 0.004560313824284233, "syrupy": 0.004222674856635034, "rye": 0.003921915289037939, "pear": 0.003921059923827096, "tangy": 0.0034286327516773137, "fig": 0.003214166374389471, "tangerine": 0.0029814412397163306, "biscuity": 0.0029495953349434156, "mocha": 0.0028463593337270865, "tea": 0.0027484858144095022, "ginger": 0.002656731446215639, "dank": 0.002596658489484913, "lime": 0.0025877100534330197, "stone fruit": 0.0024962846718587115, "aromatic": 0.0024463774016722324, "vinegar": 0.00239189721747394, "smokey": 0.0023686707621333636, "vinous": 0.0023532083910142833, "strawberry": 0.0020365916683546424, "melon": 0.002022576838361603, "bubblegum": 0.0019841183025356346, "lactic": 0.0019825062680998156, "tobacco": 0.0018633144158350734, "oaky": 0.0018497930657713668, "whiskey": 0.0017957076655165404, "zesty": 0.001713592605275636, "coconut": 0.0016646722949478217, "pungent": 0.0015924926306174754, "perfumed": 0.001420103641970705, "blueberry": 0.0012209022438302096, "almond": 0.001205703062006773, "mint": 0.0011212850954289842, "estery": 0.0011089151985337199, "brandy": 0.0009540611967092258, "bouquet": 0.0008545427442938669, "rose": 0.0008524372299287156, "blackberry": 0.0008179923308613169, "currant": 0.0008063791031910287, "lemongrass": 0.0007361404599160564, "papaya": 0.0006969910521890226, "mandarin": 0.0005902348941434559, "fragrant": 0.000560066821130271, "nectar": 0.0005121334706611213, "lacto": 0.00046752288504947614, "musky": 0.00045811386773020584, "guava": 0.0004554490761118111, "gooseberry": 0.0004510406554097754, "cedar": 0.00043824307590908956, "cognac": 0.0003935337943115779, "lychee": 0.00039034262410189534, "nectarine": 0.00037593301016539045, "blossom": 0.00035961527383546714, "watermelon": 0.00033513866934058216, "sage": 0.00027157845444257447, "elderflower": 0.0002565766645908708, "orchard": 0.00025206954790296855, "pomegranate": 0.0002087420101075875, "tequila": 0.00020722867165763495, "garlic": 0.0002011095205339137, "thyme": 0.00017150072477397222, "aniseed": 0.00016186141682101348, "cucumber": 0.00016090735562430427, "farmyard": 0.00011257922121168865, "rasberry": 0.00010132787882291087, "cassis": 7.204806968252429e-05, "hedgerow": 5.9053098210105526e-05, "quince": 5.4874968141758226e-05, "loganberry": 3.02667689990513e-06}