{"body": 0.22278745183502877, "carbonated": 0.17176193773870735, "drying": 0.11136295882958233, "thin": 0.08174779066971045, "smooth": 0.0782719060580179, "creamy": 0.07040689727166151, "thick": 0.05177261138445959, "aftertaste": 0.04284219263787745, "warming": 0.035037197771275584, "watery": 0.027159230611413707, "oily": 0.01944371367583304, "fizzy": 0.016282956437712718, "biting": 0.015729221248083933, "sharp": 0.01242606668769929, "slick": 0.008892267557546399, "coating": 0.00769278548708499, "tingly": 0.006633673730741794, "effervescent": 0.005276374597475999, "prickly": 0.00403780022705387, "chalky": 0.0033352971181301256, "velvety": 0.002901372588566139, "tannic": 0.0016845885557147079, "rusty": 0.0013418069995776584, "viscosity": 0.0010144451839806704, "unfolding": 0.00015745509706400901}