{"body": 0.2073793636823273, "carbonated": 0.1598827988726794, "drying": 0.1036610426199456, "thin": 0.0760940738443114, "smooth": 0.07285858309710468, "creamy": 0.06553752213053703, "thick": 0.048191992487224715, "aftertaste": 0.03987920582967858, "soft": 0.038620090892127916, "warming": 0.03261400819108681, "watery": 0.025280885058406154, "oily": 0.01809897701375673, "fizzy": 0.015156819278225587, "biting": 0.014641380682703776, "sharp": 0.011566673892735267, "astringent": 0.00969791416845617, "flat": 0.0083136626807834, "slick": 0.008277274023235776, "coating": 0.0071607487141495075, "tingly": 0.0061748856402203565, "mineral": 0.005557828349176663, "effervescent": 0.0049114579728862726, "delicate": 0.004472839876631669, "prickly": 0.00375854400625238, "chalky": 0.0031046263528410004, "velvety": 0.0027007122540623723, "tannic": 0.0015680815946911375, "spirit": 0.001422190032486311, "rusty": 0.0012490069771207664, "acrid": 0.0010759586945609536, "viscosity": 0.0009442856633608469, "unfolding": 0.0001465654262334862}