{"sour": 0.2789607892283006, "acidic": 0.11381866801202765, "metallic": 0.08203935019708948, "funky": 0.06693788800353319, "overly bitter": 0.0585751853430872, "cloying": 0.040505090638592464, "harsh": 0.039159595327879354, "musty": 0.037646064214660296, "vegetal": 0.0336631724353586, "buttery": 0.03177004965316927, "phenolic": 0.02702515379104083, "medicinal": 0.021897442551500758, "cardboard": 0.021703214117908747, "skunky": 0.019405515926328592, "stale": 0.018412613726389356, "oxidized": 0.016065351017523273, "diacetyl": 0.013462206451124148, "soy": 0.011553368090283178, "sherry": 0.008935313872342757, "piss": 0.007073622247456696, "rubber": 0.006746012877103369, "cheesy": 0.005563717806234169, "rotten": 0.005477080641872588, "egg": 0.005309044839366638, "sulfur": 0.00528809073449779, "sulphur": 0.004850875277138185, "DMS": 0.0040159347908256485, "solvent": 0.003222096587140466, "tasteless": 0.00284049010039434, "moldy": 0.002548341522895986, "cabbage": 0.0023432330733143833, "goat": 0.0016888202597180706, "inferior": 0.000773287062371505, "acetaldehyde": 0.0007233195815304072}