{"sour": 0.2935988874784924, "acidic": 0.11979115199328891, "metallic": 0.08634425653137746, "overly bitter": 0.061648840678115616, "astringent": 0.06103557973728173, "cloying": 0.04263054166717913, "harsh": 0.04121444327060627, "musty": 0.03962149161516222, "vegetal": 0.035429602860527244, "buttery": 0.03343714096561879, "phenolic": 0.02844326297231377, "medicinal": 0.02304648187126864, "cardboard": 0.022842061557657344, "skunky": 0.02042379469414777, "stale": 0.019378791265230268, "oxidized": 0.016908359051981712, "diacetyl": 0.014168617919348977, "piss": 0.007444801213968269, "rotten": 0.005764483200424787, "egg": 0.005587629941553603, "sulfur": 0.0055655762977615125, "sulphur": 0.005105418537868863, "DMS": 0.004226665654460965, "tasteless": 0.002989541059431601, "goat": 0.0017774388679355712, "inferior": 0.0008138642776350181, "acetaldehyde": 0.0007612748193615724}