{"finish": 0.3418507993781902, "balance": 0.11684512703903446, "palate": 0.09189223162752397, "crisp": 0.05946208010354802, "lingering": 0.0587997262885542, "complexity": 0.05379109016624395, "clean": 0.05031314235446262, "heavy": 0.04442267955230234, "profile": 0.022214431735056675, "round": 0.017177799330292943, "dense": 0.017164756885455178, "layered": 0.014746620151611675, "unique": 0.013746736859005999, "exceptional": 0.011327138471861712, "classic": 0.010175805410320937, "subdued": 0.00925012913144738, "powerful": 0.008644554925445563, "robust": 0.008297018744466799, "depth": 0.007899224176914918, "outstanding": 0.006440044443255134, "traditional": 0.006133209684959745, "clarity": 0.005531683134252406, "restrained": 0.0037697162975917128, "integrity": 0.0032188978729346556, "nuanced": 0.0027942313716222034, "vibrant": 0.0027866982353797003, "refined": 0.002183372726763704, "elegance": 0.001913978779942249, "signature": 0.0015735259957288241, "harmonious": 0.0013713681007434418, "structured": 0.0012600575801452614, "evolving": 0.0010252935730654625, "flawless": 0.0004798720221343781, "benchmark": 0.00042320484801166804, "finesse": 0.0003584423632999994, "innovative": 0.0003569807099992152, "purity": 0.00020305737393971107, "unconventional": 9.511989942026333e-05, "exemplar": 6.01526550707339e-05}